"Type","Folder","Path","MB","Bytes"
"Rasm","src",".\src\assets\images\uruglar.png","23,19","24311611"
"Rasm","dist",".\dist\assets\uruglar-Bnx82ZV_.png","23,19","24311611"
"Rasm","dist",".\dist\assets\home-nutrition-slide-1-gv1D2TZz.jpg","7,03","7368482"
"Rasm","src",".\src\assets\images\home-nutrition-slide-1.jpg","7,03","7368482"
"Rasm","src",".\src\assets\images\field-carousel-4.jpg","6,81","7142051"
"Rasm","dist",".\dist\assets\field-carousel-4-C-2imgsX.jpg","6,81","7142051"
"Rasm","dist",".\dist\assets\labela-f1-close-field-BtqLUp86.jpg","5,18","5435664"
"Rasm","src",".\src\assets\images\labela-f1-close-field.jpg","5,18","5435664"
"Rasm","src",".\src\assets\images\labela-f1-two-field.jpg","5,08","5327848"
"Rasm","dist",".\dist\assets\labela-f1-two-field-BAPNuVlh.jpg","5,08","5327848"
"Rasm","src",".\src\assets\images\article-watermelon-field.jpg","5,08","5327848"
"Rasm","dist",".\dist\assets\home-nutrition-slide-2-B-3e5_o9.jpg","5,05","5294373"
"Rasm","src",".\src\assets\images\home-nutrition-slide-2.jpg","5,05","5294373"
"Rasm","src",".\src\assets\images\labela-f1-cut-open.jpg","4,76","4986953"
"Rasm","dist",".\dist\assets\labela-f1-cut-open-DieMa-kd.jpg","4,76","4986953"
"Rasm","dist",".\dist\assets\article-harvest-cucumber-D5_hjzEt.jpg","4,69","4918713"
"Rasm","src",".\src\assets\images\article-harvest-cucumber.jpg","4,69","4918713"
"Rasm","src",".\src\assets\images\labela-f1-single-field.jpg","4,64","4864209"
"Rasm","dist",".\dist\assets\labela-f1-single-field-WvobR58t.jpg","4,64","4864209"
"Rasm","src",".\src\assets\images\field-carousel-2.jpg","4,23","4437342"
"Rasm","dist",".\dist\assets\field-carousel-2-BxBSKd0E.jpg","4,23","4437342"
"Rasm","dist",".\dist\assets\roll-trap-slide-1-CLB4aXAU.jpg","3,92","4105755"
"Rasm","src",".\src\assets\images\roll-trap-slide-1.jpg","3,92","4105755"
"Rasm","dist",".\dist\assets\bacteria-calcium-slide-1-CFjK54_1.jpg","3,65","3827759"
"Rasm","src",".\src\assets\images\bacteria-calcium-slide-1.jpg","3,65","3827759"
"Rasm","dist",".\dist\assets\footer-bg-B2h-sqcY.jpg","3,64","3820936"
"Rasm","src",".\src\assets\images\footer-bg.jpg","3,64","3820936"
"Rasm","dist",".\dist\assets\trap-roll-detail-2-eh2pI7mE.jpg","3,5","3672384"
"Rasm","src",".\src\assets\images\trap-roll-detail-2.jpg","3,5","3672384"
"Rasm","dist",".\dist\assets\laser-f1-crates-Bvy04imB.jpg","3,23","3385201"
"Rasm","src",".\src\assets\images\laser-f1-crates.jpg","3,23","3385201"
"Rasm","src",".\src\assets\images\radika-base-greenhouse-bottle.jpg","3,12","3270824"
"Rasm","dist",".\dist\assets\radika-base-greenhouse-bottle-B5E3P3dc.jpg","3,12","3270824"
"Rasm","src",".\src\assets\images\laser-f1-packed-bags.jpg","3,05","3201958"
"Rasm","dist",".\dist\assets\laser-f1-packed-bags-C1Q1-9Wd.jpg","3,05","3201958"
"Rasm","dist",".\dist\assets\home-traps-DUYee6HR.jpg","2,78","2913259"
"Rasm","src",".\src\assets\images\home-traps.jpg","2,78","2913259"
"Rasm","src",".\src\assets\images\laser-f1-lineup.jpeg","2,75","2878495"
"Rasm","dist",".\dist\assets\laser-f1-lineup-Cd2sW7zG.jpeg","2,75","2878495"
"Rasm","src",".\src\assets\images\trap-board.jpg","2,62","2749955"
"Rasm","dist",".\dist\assets\trap-board-DRCiEiLB.jpg","2,62","2749955"
"Rasm","src",".\src\assets\images\trap-roll-detail-1.jpg","2,58","2710013"
"Rasm","dist",".\dist\assets\trap-roll-detail-1-Q_eoZnd0.jpg","2,58","2710013"
"Rasm","dist",".\dist\assets\roll-trap-slide-3-fqQhS64A.jpg","2,58","2702998"
"Rasm","src",".\src\assets\images\roll-trap-slide-3.jpg","2,58","2702998"
"Rasm","dist",".\dist\assets\watermelon-field-man-CAJvOwDO.jpg","2,46","2582431"
"Rasm","src",".\src\assets\images\watermelon-field-man.jpg","2,46","2582431"
"Rasm","src",".\src\assets\images\roll-trap-slide-4.jpg","2,23","2335937"
"Rasm","dist",".\dist\assets\roll-trap-slide-4-0acS4Ems.jpg","2,23","2335937"
"Rasm","src",".\src\assets\images\fabio-info-1.png","1,96","2056519"
"Rasm","dist",".\dist\assets\fabio-info-1-BUPqwJHc.png","1,96","2056519"
"Rasm","dist",".\dist\assets\radika-base-canister-city-CLUW0E1-.jpg","1,52","1595380"
"Rasm","src",".\src\assets\images\radika-base-canister-city.jpg","1,52","1595380"
"Rasm","src",".\src\assets\images\trap-board-slide-4.jpg","1,52","1593345"
"Rasm","dist",".\dist\assets\trap-board-slide-4-6LvHlk3x.jpg","1,52","1593345"
"Rasm","src",".\src\assets\images\vital-plus-calcium-new.jpg","1,48","1552068"
"Rasm","dist",".\dist\assets\vital-plus-calcium-new-C32aoJ8Q.jpg","1,48","1552068"
"Rasm","dist",".\dist\assets\trap-board-slide-5-BTPQWWR_.jpg","1,44","1511251"
"Rasm","src",".\src\assets\images\trap-board-slide-5.jpg","1,44","1511251"
"Rasm","dist",".\dist\assets\trap-board-slide-1-ByDKX8F-.jpg","1,4","1463087"
"Rasm","src",".\src\assets\images\trap-board-slide-1.jpg","1,4","1463087"
"Rasm","dist",".\dist\assets\fabio-info-2-DvLk95ab.png","1,33","1394946"
"Rasm","src",".\src\assets\images\fabio-info-2.png","1,33","1394946"
"Rasm","dist",".\dist\assets\trap-board-slide-2-DpKuanBL.jpg","1,33","1394411"
"Rasm","src",".\src\assets\images\trap-board-slide-2.jpg","1,33","1394411"
"Rasm","dist",".\dist\assets\trap-board-slide-3-CyDx56J4.jpg","1,21","1266009"
"Rasm","src",".\src\assets\images\trap-board-slide-3.jpg","1,21","1266009"
"Rasm","dist",".\dist\assets\article-melon-child-DIP9oBr8.jpg","1,02","1070263"
"Rasm","src",".\src\assets\images\article-melon-child.jpg","1,02","1070263"
"Rasm","dist",".\dist\assets\home-sections-bg-Ctij8Yzm.jpg","0,86","902138"
"Rasm","src",".\src\assets\images\home-sections-bg.jpg","0,86","902138"
"Rasm","src",".\src\assets\images\aisha-f1-greenhouse-row.jpg","0,5","529520"
"Rasm","dist",".\dist\assets\aisha-f1-greenhouse-row-BQjKHCIa.jpg","0,5","529520"
"Rasm","dist",".\dist\assets\radika-base-root-tray-BTvwvnFm.jpg","0,49","513111"
"Rasm","src",".\src\assets\images\radika-base-root-tray.jpg","0,49","513111"
"Rasm","src",".\src\assets\images\aisha-f1-heavy-cluster.jpg","0,4","421465"
"Rasm","src",".\src\assets\images\article-tomato-green.jpg","0,4","421465"
"Rasm","dist",".\dist\assets\article-tomato-green-C5eIAuKq.jpg","0,4","421465"
"Rasm","dist",".\dist\assets\radika-base-C61NrEA7.png","0,38","395075"
"Rasm","src",".\src\assets\images\radika-base.png","0,38","395075"
"Rasm","src",".\src\assets\images\aisha-f1-green-cluster.jpg","0,37","385179"
"Rasm","dist",".\dist\assets\aisha-f1-green-cluster-CBMbUxXC.jpg","0,37","385179"
"Rasm","src",".\src\assets\images\cherry-tt10-long-chain.jpg","0,36","373565"
"Rasm","dist",".\dist\assets\cherry-tt10-long-chain-LN8qWdyY.jpg","0,36","373565"
"Rasm","src",".\src\assets\images\cherry-tt10-red-chain.jpg","0,33","347841"
"Rasm","dist",".\dist\assets\cherry-tt10-red-chain-CLpSRQKn.jpg","0,33","347841"
"Rasm","dist",".\dist\assets\home-nutrition-slide-3-CEaOpAn8.jpg","0,32","336623"
"Rasm","src",".\src\assets\images\home-nutrition-slide-3.jpg","0,32","336623"
"Rasm","dist",".\dist\assets\laser-f1-greenhouse-2-BQnm0v6B.png","0,31","322397"
"Rasm","src",".\src\assets\images\laser-f1-greenhouse-2.png","0,31","322397"
"Rasm","src",".\src\assets\images\cherry-tt10-heavy-chain.jpg","0,29","307361"
"Rasm","dist",".\dist\assets\cherry-tt10-heavy-chain-BpdXUmvW.jpg","0,29","307361"
"Rasm","src",".\src\assets\images\cherry-tt10-color-chain.jpg","0,29","306722"
"Rasm","dist",".\dist\assets\article-tomato-cherry-CbEHQ2g6.jpg","0,29","306722"
"Rasm","src",".\src\assets\images\article-tomato-cherry.jpg","0,29","306722"
"Rasm","dist",".\dist\assets\article-tomato-close-DiiV35b2.jpg","0,26","277394"
"Rasm","src",".\src\assets\images\article-tomato-close.jpg","0,26","277394"
"Rasm","src",".\src\assets\images\aisha-f1-ripe-cluster.jpg","0,26","277394"
"Rasm","src",".\src\assets\images\home-bacteria.jpg","0,26","274071"
"Rasm","dist",".\dist\assets\home-bacteria-DxdiEBii.jpg","0,26","274071"
"Rasm","dist",".\dist\assets\laser-f1-cucumber-CKcxW6PX.jpg","0,25","266485"
"Rasm","src",".\src\assets\images\laser-f1-cucumber.jpg","0,25","266485"
"Rasm","dist",".\dist\assets\laser-f1-greenhouse-1-BvexLVc2.png","0,25","266218"
"Rasm","src",".\src\assets\images\laser-f1-greenhouse-1.png","0,25","266218"
"Rasm","src",".\src\assets\images\medicine-6.jpg","0,25","264675"
"Rasm","dist",".\dist\assets\medicine-6-BYhsnAwb.jpg","0,25","264675"
"Rasm","dist",".\dist\assets\field-carousel-3-Cp9NG_kv.jpg","0,25","263356"
"Rasm","src",".\src\assets\images\field-carousel-3.jpg","0,25","263356"
"Rasm","src",".\src\assets\images\home-nutrition.jpg","0,23","239940"
"Rasm","dist",".\dist\assets\home-nutrition-Db-B1Yzp.jpg","0,23","239940"
"Rasm","dist",".\dist\assets\proton-v367-CV66Th52.jpg","0,21","222267"
"Rasm","src",".\src\assets\images\proton-v367.jpg","0,21","222267"
"Rasm","dist",".\dist\assets\aisha-f1-hand-cluster-IAQEVc-w.jpg","0,21","219827"
"Rasm","src",".\src\assets\images\aisha-f1-hand-cluster.jpg","0,21","219827"
"Rasm","src",".\src\assets\images\radika-base-roots-hand.jpg","0,18","185868"
"Rasm","dist",".\dist\assets\radika-base-roots-hand-DqSybDJT.jpg","0,18","185868"
"Rasm","src",".\src\assets\images\humix-70-new.jpg","0,17","175855"
"Rasm","dist",".\dist\assets\humix-70-new-CPE1ELXk.jpg","0,17","175855"
"Rasm","dist",".\dist\assets\new-datis-all-new-DPp4hXJ8.jpg","0,16","166503"
"Rasm","src",".\src\assets\images\new-datis-all-new.jpg","0,16","166503"
"Rasm","dist",".\dist\assets\union-agro-logo-BkMn-Wf-.png","0,16","163215"
"Rasm","src",".\src\assets\images\union-agro-logo.png","0,16","163215"
"Rasm","src",".\src\assets\images\proton-effect.jpg","0,15","160571"
"Rasm","dist",".\dist\assets\proton-effect-Bsvk3J4H.jpg","0,15","160571"
"Rasm","dist",".\dist\assets\bacteria-calcium-40-j0GEvevY.jpg","0,15","159510"
"Rasm","src",".\src\assets\images\bacteria-calcium-40.jpg","0,15","159510"
"Rasm","dist",".\dist\assets\proton-before-after-BQ7kVtx7.jpg","0,14","144798"
"Rasm","src",".\src\assets\images\proton-before-after.jpg","0,14","144798"
"Rasm","dist",".\dist\assets\zumra-f1-melon-B2qzM7QZ.jpg","0,13","136791"
"Rasm","src",".\src\assets\images\zumra-f1-yellow-stack.jpeg","0,13","136791"
"Rasm","src",".\src\assets\images\zumra-f1-melon.jpg","0,13","136791"
"Rasm","dist",".\dist\assets\amino-33-plus-new-lWYNN9ia.jpg","0,13","132072"
"Rasm","src",".\src\assets\images\amino-33-plus-new.jpg","0,13","132072"
"Rasm","dist",".\dist\assets\zumra-f1-field-stack-DkYTxca3.jpg","0,12","129651"
"Rasm","src",".\src\assets\images\zumra-f1-field-stack.jpg","0,12","129651"
"Rasm","dist",".\dist\assets\medicine-7-DwIZy52g.jpg","0,11","120201"
"Rasm","src",".\src\assets\images\medicine-7.jpg","0,11","120201"
"Rasm","dist",".\dist\dala.webp","0,1","103802"
"Rasm","public",".\public\dala.webp","0,1","103802"
"Rasm","src",".\src\assets\images\zumra-f1-harvest-field.jpeg","0,09","94738"
"Rasm","dist",".\dist\assets\zumra-f1-harvest-field-CTqWtzMo.jpeg","0,09","94738"
"Rasm","dist",".\dist\assets\zumra-f1-sliced-Bl5J8z16.jpg","0,08","83347"
"Rasm","src",".\src\assets\images\zumra-f1-sliced.jpg","0,08","83347"
"Rasm","dist",".\dist\assets\zumra-f1-label-D_FGl27B.jpg","0,07","78314"
"Rasm","src",".\src\assets\images\zumra-f1-label.jpg","0,07","78314"
"Rasm","dist",".\dist\assets\roll-trap-slide-2-CXFveyIN.jpg","0,06","61757"
"Rasm","src",".\src\assets\images\roll-trap-slide-2.jpg","0,06","61757"
"Video","public",".\public\0_Field_Green_1920x1080.mp4","24,16","25336881"
"Video","dist",".\dist\0_Field_Green_1920x1080.mp4","24,16","25336881"
